<core:FragmentDefinition
    xmlns:mvc="sap.ui.core.mvc"
    xmlns="sap.m"
    xmlns:f="sap.f"
    xmlns:core="sap.ui.core"
    xmlns:layout="sap.ui.layout"
     xmlns:html="http://www.w3.org/1999/xhtml"
    displayBlock="true"
    height="100%"
>
    <!-- <Title text="Types of Requests" />
    <f:GridList
        id="idGridList"
        mode="SingleSelect"
        selectionChange=".onSelectionChange"
        showSeparators="None"
    >
        <f:GridListItem
            id="gridItem1"
            type="Active"
        >
            <VBox class="sapUiSmallMargin styleGridItem">
                <Title
                    text="Individual Enerline Access"
                    wrapping="true"
                />
                <Label
                    text="Request a username and password to view contract account data in Enerline."
                    wrapping="true"
                />
            </VBox>
        </f:GridListItem>

        <f:GridListItem id="gridItem2">
            <VBox class="sapUiSmallMargin">
                <Title
                    text="Agent Access"
                    wrapping="true"
                />
                <Label
                    text="Authorize an agent/consultant to view an end user customer's contract account data in Enerline."
                    wrapping="true"
                />
            </VBox>
        </f:GridListItem>

        <f:GridListItem id="gridItem3">
            <VBox class="sapUiSmallMargin">
                <Title
                    text="Direct Connect Web Service"
                    wrapping="true"
                />
                <Label
                    text="Create your own business-to-business application to download Distribution Measurement data on an unattended basis."
                    wrapping="true"
                />
            </VBox>
        </f:GridListItem>
    </f:GridList>
    <VBox>
        <html:div class="g-recaptcha" />
        <VBox>
            <core:HTML id="recaptchaContainer" />
            <html:div
                id="recaptchaResponse"
                style="display:none;"
            />
        </VBox>
    </VBox>

    <FlexBox
        justifyContent="Start"
        class="sapUiSmallMarginTop"
    >
        <Button
            id="btnNext"
            text="Next Step"
            type="Emphasized"
            enabled="{wizardModel>/isItemSelected}"
            press="onNavigate"
        >
            <customData>
                <core:CustomData
                    key="direction"
                    value="next"
                />
            </customData>
        </Button>
    </FlexBox> -->
    <MessageStrip
                text="{/here}"
                enableFormattedText="true"
                showIcon="true"
                class="sapUiMediumMarginBottom styleGridItem">
            </MessageStrip>
    <Label id="_IDGenLabel51" />
    <Title
        id="_IDGenTitle3"
        text="Types of Access"
    />
    <FlexBox id="_IDGenFlexBox2">
        <Label id="_IDGenLabel1" />
    </FlexBox>
    <f:GridList
        id="idGridList"
        mode="SingleSelectMaster"
        
        selectionChange="onSelectionChange"
    >
        <f:GridListItem id="_IDGenGridListItem" class="gridBorderStyle">
            <VBox
                id="_IDGenVBox1"
                class="sapUiSmallMargin styleGridItem"
            >
                <layoutData>
                    <FlexItemData
                        id="_IDGenFlexItemData"
                        growFactor="10"
                        shrinkFactor="0"
                        
                    />
                    <!-- Don't shrink below minimum size. Fill space if available. -->
                </layoutData>

                <Title
                    id="_IDGenTitle4"
                    text="Individual Enerline Access"
                    wrapping="true"
                />
                <Label
                    id="_IDGenLabel2"
                    class="gridtextColor"
                    text="Request a username and password to view contract account data in Enerline."
                    wrapping="true"
                />
            </VBox>
        </f:GridListItem>
        <f:GridListItem id="_IDGenGridListItem1" class="gridBorderStyle">
            <VBox
                id="_IDGenVBox2"
                class="sapUiSmallMargin"
            >
                <layoutData>
                    <FlexItemData
                        id="_IDGenFlexItemData1"
                        growFactor="1"
                        shrinkFactor="0"
                    />
                    <!-- Don't shrink below minimum size. Fill space if available. -->
                </layoutData>

                <Title
                    id="_IDGenTitle5"
                    text="Agent Access"
                    wrapping="true"
                />
                <Label
                    id="_IDGenLabel3"
                    class="gridtextColor"
                    text="Authorize an agent/consultant to view an end user customer's contract account data in Enerline."
                    wrapping="true"
                />
            </VBox>
        </f:GridListItem>
        <f:GridListItem id="_IDGenGridListItem2" class="gridBorderStyle">
            <VBox
                id="_IDGenVBox3"
                class="sapUiSmallMargin"
            >
                <layoutData>
                    <FlexItemData
                        id="_IDGenFlexItemData2"
                        growFactor="1"
                        shrinkFactor="0"
                    />
                    <!-- Don't shrink below minimum size. Fill space if available. -->
                </layoutData>

                <Title
                    id="_IDGenTitle6"
                    text="Direct Connect Web Service"
                    wrapping="true"
                />
                <Label         class="gridtextColor"
        text="Create your own business-to-business application to download."
        wrapping="true" />
    <Label         class="gridtextColor"
        text="Distribution Measurement data on an unattended basis."
        wrapping="true" />
    <Link 
        text="Learn More"
        target="_blank"
        class="ancheorColor"
        href="https://www.enbridgegas.com/storage-transportation/enerline/direct-connect" />

            </VBox>
        </f:GridListItem>
    </f:GridList>
    <!-- flexStyle 5/16/25 kk BOC.   -->

    <FlexBox
        justifyContent="Start"
        class="sapUiSmallMarginTop"
    >
        <Button
            id="btnNext"
            text="Next Step"
            type="Emphasized"
            enabled="{wizardModel>/isItemSelected}"
            press="onNavigate"
        >
            <customData>
                <core:CustomData
                    key="direction"
                    value="next"
                />
            </customData>
        </Button>
    </FlexBox> 
</core:FragmentDefinition>
