{
  "index.html": 1747316575445,
  "controller/TopHeader.controller.js": 1746558558000,
  "model/accessRights.json": 1746558558000,
  "model/models.js": 1746558558000,
  "controller/Registration.controller.js": 1748483925622,
  "controller/BaseController.js": 1746558558000,
  "controller/App.controller.js": 1746558558000,
  "manifest.json": 1748484636497,
  "Component.js": 1746558558000,
  "controller/TopHeader-dbg.controller.js": 1746558558000,
  "controller/TopHeader.controller.js.map": 1748484636798,
  "model/models-dbg.js": 1746558558000,
  "model/models.js.map": 1748484636787,
  "controller/Registration-dbg.controller.js": 1748483925622,
  "controller/Registration.controller.js.map": 1748484636947,
  "controller/BaseController-dbg.js": 1746558558000,
  "controller/BaseController.js.map": 1748484636787,
  "controller/App-dbg.controller.js": 1746558558000,
  "controller/App.controller.js.map": 1748484636791,
  "Component-dbg.js": 1746558558000,
  "Component.js.map": 1748484636793,
  "Component-preload.js": 1748484637334,
  "Component-preload.js.map": 1748484637334,
  "fragments/cmmtermination/terminationAccessRight.xml": 1746558558000,
  "view/TopHeader.view.xml": 1746558558000,
  "view/Registration.view.xml": 1748308131945,
  "view/App.view.xml": 1746558558000,
  "images/enbridge_white.png": 1746558558000,
  "images/enbridge_red.jpeg": 1746558558000,
  "fragments/TopHeader.fragment.xml": 1747978191886,
  "fragments/SubscriberInformation.fragment.xml": 1747422126191,
  "fragments/SpecialInstructions.fragment.xml": 1746558558000,
  "fragments/SelectAccessType.fragment.xml": 1748321084016,
  "fragments/Review.fragment.xml": 1748320003097,
  "fragments/RequestorForm.fragment.xml": 1748321184625,
  "fragments/MessagePopover.fragment.xml": 1747877410100,
  "fragments/ContactUs.fragment.xml": 1746558558000,
  "fragments/CompanySelection.fragment.xml": 1746558558000,
  "fragments/AccessRights.fragment.xml": 1748321234077,
  "css/style.css": 1748321074176,
  "webapp.tar": 1746558558000,
  "i18n/i18n.properties": 1746558558000
}